title,non-title
24 + 7 Small Tablet Backpack,
Haute Dog Coat,
24 + 7 Double Vision,
Kitchen Sink Tote,
Kitchen Sink Tennis Tote,
24 + 7 In a Cinch Backpack,
24 + 7 Weekender Duffle,
24 + 7 Large Laptop Backpack,
KST Wristlet/Pouch,
Kitchen Sink Duffle,
24 + 7 Cell phone Crossbody,
24 + 7 Wingwoman Tennis Sling,
KST Trainwreck Case,
Francool Large C - Coral,
KST Pencil Case,
KST Cosmetic Case Medium,
24 + 7 Oh Baby,
24 + 7 Tennis Backpack,
No Chaos Crossbody,
24 + 7 Triple Threat,
Chief Troublemaker Tote / Backpack,
Kitchen Sink Cell Crossbody,
Francool Small M - Black,
Francool Small J - Coral,
Stars - Gold,
Evil Eye,
Kitchen Sink Tote Small,
24 + 7 Ski/Snow Boot Backpack,
24 + 7 Wingwoman 3-6 Racquet Backpack,
Oliver Thomas E-Gift Card,
Francool Small S - Black,
24 + 7 In a Cinch Backpack - Tennis,
Lightning Bolt - Champagne,